First Name,Last Name,Department,User Name,Password ,Confirm Pass,Email ,Contact Num
Quentin ,Wainwright,Department of Engineering,Qwainwright,Quentin ,Quentin ,Quentin .Wainwright@gmail.com,9188984765
Hawa ,Sampson,Department of Agriculture,Hsampson,Hawa ,Hawa ,Hawa .Sampson@gmail.com,9887759743
Gino ,Macgregor,Accounting Office,Gmacgregor,Gino ,Gino ,Gino .Macgregor@gmail.com,8977563429
Emme ,Becker,MPDC,Ebecker,Emme ,Emme ,Emme .Becker@gmail.com,9877409864
Gail ,Holman,MCTC,Gholman,Gail ,Gail ,Gail .Holman@gmail.com,9878768766
